--应急菜单脚本
INSERT INTO ACTION
(ACTNAME, ACTLABEL, ACTDESC, ACTURL, ACTTYPE, ACTL1ID, ACTL2ID, ACTL3ID, FINGERPRINT, ACTROLETYPE, ACTSORTID, ACTURLTYPE)
VALUES('ACT29DRM0401', '应急资源管理', NULL, '/IGCOM0202.do?linkID=IGDRM0402', 'M3', NULL, NULL, NULL, NULL, 'IGBP50', '080401', '0');
INSERT INTO ACTION
(ACTNAME, ACTLABEL, ACTDESC, ACTURL, ACTTYPE, ACTL1ID, ACTL2ID, ACTL3ID, FINGERPRINT, ACTROLETYPE, ACTSORTID, ACTURLTYPE)
VALUES('ACT29DRM0605', '演练指挥发起', NULL, '/IGCOM0202.do?linkID=IGDRM0702', 'M3', NULL, NULL, NULL, NULL, 'IGBP50', '080605', '0');
INSERT INTO ACTION
(ACTNAME, ACTLABEL, ACTDESC, ACTURL, ACTTYPE, ACTL1ID, ACTL2ID, ACTL3ID, FINGERPRINT, ACTROLETYPE, ACTSORTID, ACTURLTYPE)
VALUES('ACT29DRM0804', '应急补单', NULL, '/IGCOM0202.do?linkID=IGWKM0104&psdcode=Z&pdid=01261', 'M3', NULL, NULL, NULL, NULL, 'IGBP50', '080804', '0');
INSERT INTO ACTION
(ACTNAME, ACTLABEL, ACTDESC, ACTURL, ACTTYPE, ACTL1ID, ACTL2ID, ACTL3ID, FINGERPRINT, ACTROLETYPE, ACTSORTID, ACTURLTYPE)
VALUES('ACT29DRM0402', '应急资源查询', NULL, '/IGCOM0202.do?linkID=IGDRM0403', 'M3', NULL, NULL, NULL, NULL, 'IGBP50', '080402', '0');
INSERT INTO ACTION
(ACTNAME, ACTLABEL, ACTDESC, ACTURL, ACTTYPE, ACTL1ID, ACTL2ID, ACTL3ID, FINGERPRINT, ACTROLETYPE, ACTSORTID, ACTURLTYPE)
VALUES('ACT29DRM0606', '演练报告', NULL, '/IGCOM0202.do?linkID=IGWKM0104&psdcode=Z&pdid=01260', 'M3', NULL, NULL, NULL, NULL, 'IGBP50', '080606', '0');
INSERT INTO ACTION
(ACTNAME, ACTLABEL, ACTDESC, ACTURL, ACTTYPE, ACTL1ID, ACTL2ID, ACTL3ID, FINGERPRINT, ACTROLETYPE, ACTSORTID, ACTURLTYPE)
VALUES('ACT29DRM0902', '评估查询', NULL, '/IGCOM0202.do?linkID=IGPRR0602&prpdid=02300&prtype=DRM', 'M3', NULL, NULL, NULL, NULL, 'IGBP50', '080902', '0');
INSERT INTO ACTION
(ACTNAME, ACTLABEL, ACTDESC, ACTURL, ACTTYPE, ACTL1ID, ACTL2ID, ACTL3ID, FINGERPRINT, ACTROLETYPE, ACTSORTID, ACTURLTYPE)
VALUES('ACT29DRM0607', '签到', NULL, '/IGCOM0202.do?linkID=IGDRM1101', 'M3', NULL, NULL, NULL, NULL, 'IGBP50', '080607', '0');
INSERT INTO ACTION
(ACTNAME, ACTLABEL, ACTDESC, ACTURL, ACTTYPE, ACTL1ID, ACTL2ID, ACTL3ID, FINGERPRINT, ACTROLETYPE, ACTSORTID, ACTURLTYPE)
VALUES('ACT29DRM07', '培训管理', NULL, NULL, 'M2', NULL, NULL, NULL, NULL, 'IGBP50', '0807', '0');
INSERT INTO ACTION
(ACTNAME, ACTLABEL, ACTDESC, ACTURL, ACTTYPE, ACTL1ID, ACTL2ID, ACTL3ID, FINGERPRINT, ACTROLETYPE, ACTSORTID, ACTURLTYPE)
VALUES('ACT29DRM0801', '应急指挥查询', NULL, '/IGCOM0202.do?linkID=IGDRM0903', 'M3', NULL, NULL, NULL, NULL, 'IGBP50', '080801', '0');
INSERT INTO ACTION
(ACTNAME, ACTLABEL, ACTDESC, ACTURL, ACTTYPE, ACTL1ID, ACTL2ID, ACTL3ID, FINGERPRINT, ACTROLETYPE, ACTSORTID, ACTURLTYPE)
VALUES('ACT29DRM01', '总体预案管理', NULL, NULL, 'M2', NULL, NULL, NULL, NULL, 'IGBP50', '0801', '0');
INSERT INTO ACTION
(ACTNAME, ACTLABEL, ACTDESC, ACTURL, ACTTYPE, ACTL1ID, ACTL2ID, ACTL3ID, FINGERPRINT, ACTROLETYPE, ACTSORTID, ACTURLTYPE)
VALUES('ACT29DRM0604', '演练方案定义', NULL, '/IGCOM0202.do?linkID=IGDRM0701', 'M3', NULL, NULL, NULL, NULL, 'IGBP50', '080604', '0');
INSERT INTO ACTION
(ACTNAME, ACTLABEL, ACTDESC, ACTURL, ACTTYPE, ACTL1ID, ACTL2ID, ACTL3ID, FINGERPRINT, ACTROLETYPE, ACTSORTID, ACTURLTYPE)
VALUES('ACT29DRM04', '应急资源管理', NULL, NULL, 'M2', NULL, NULL, NULL, NULL, 'IGBP50', '0804', '0');
INSERT INTO ACTION
(ACTNAME, ACTLABEL, ACTDESC, ACTURL, ACTTYPE, ACTL1ID, ACTL2ID, ACTL3ID, FINGERPRINT, ACTROLETYPE, ACTSORTID, ACTURLTYPE)
VALUES('ACT29DRM0901', '评估发起', NULL, '/IGCOM0202.do?linkID=IGWKM0104&psdcode=Z&pdid=02300&ptid=20', 'M3', NULL, NULL, NULL, NULL, 'IGBP50', '080901', '0');
INSERT INTO ACTION
(ACTNAME, ACTLABEL, ACTDESC, ACTURL, ACTTYPE, ACTL1ID, ACTL2ID, ACTL3ID, FINGERPRINT, ACTROLETYPE, ACTSORTID, ACTURLTYPE)
VALUES('ACT29DRM0404', '应急资源模型查询', NULL, '/IGCOM0202.do?linkID=IGDRM0411', 'M3', NULL, NULL, NULL, NULL, 'IGBP50', '080404', '0');
INSERT INTO ACTION
(ACTNAME, ACTLABEL, ACTDESC, ACTURL, ACTTYPE, ACTL1ID, ACTL2ID, ACTL3ID, FINGERPRINT, ACTROLETYPE, ACTSORTID, ACTURLTYPE)
VALUES('ACT29DRM0102', '事件级别查询', NULL, '/IGCOM0202.do?linkID=IGDRM1602', 'M3', NULL, NULL, NULL, NULL, 'IGBP50', '080102', '0');

INSERT INTO ACTION
(ACTNAME, ACTLABEL, ACTDESC, ACTURL, ACTTYPE, ACTL1ID, ACTL2ID, ACTL3ID, FINGERPRINT, ACTROLETYPE, ACTSORTID, ACTURLTYPE)
VALUES('ACT29DRM0602', '演练计划内发起', NULL, '/IGCOM0202.do?linkID=IGDRM0605', 'M3', NULL, NULL, NULL, NULL, 'IGBP50', '080602', '0');
INSERT INTO ACTION
(ACTNAME, ACTLABEL, ACTDESC, ACTURL, ACTTYPE, ACTL1ID, ACTL2ID, ACTL3ID, FINGERPRINT, ACTROLETYPE, ACTSORTID, ACTURLTYPE)
VALUES('ACT29DRM0805', '签到', NULL, '/IGCOM0202.do?linkID=IGDRM1103', 'M3', NULL, NULL, NULL, NULL, 'IGBP50', '080805', '0');
INSERT INTO ACTION
(ACTNAME, ACTLABEL, ACTDESC, ACTURL, ACTTYPE, ACTL1ID, ACTL2ID, ACTL3ID, FINGERPRINT, ACTROLETYPE, ACTSORTID, ACTURLTYPE)
VALUES('ACT29DRM0403', '应急资源登记', NULL, '/IGCOM0202.do?linkID=IGDRM0401', 'M3', NULL, NULL, NULL, NULL, 'IGBP50', '080403', '0');
INSERT INTO ACTION
(ACTNAME, ACTLABEL, ACTDESC, ACTURL, ACTTYPE, ACTL1ID, ACTL2ID, ACTL3ID, FINGERPRINT, ACTROLETYPE, ACTSORTID, ACTURLTYPE)
VALUES('ACT29DRM0101', '组织架构关系管理', NULL, '/IGCOM0202.do?linkID=IGDRM1003', 'M3', NULL, NULL, NULL, NULL, 'IGBP50', '080101', '0');
--INSERT INTO ACTION
--(ACTNAME, ACTLABEL, ACTDESC, ACTURL, ACTTYPE, ACTL1ID, ACTL2ID, ACTL3ID, FINGERPRINT, ACTROLETYPE, ACTSORTID, ACTURLTYPE)
--VALUES('ACT29DRM0303', '专项预案定义', NULL, '/IGCOM0202.do?linkID=IGDRM0501', 'M3', NULL, NULL, NULL, NULL, 'IGBP50', '080303', '0');
INSERT INTO ACTION
(ACTNAME, ACTLABEL, ACTDESC, ACTURL, ACTTYPE, ACTL1ID, ACTL2ID, ACTL3ID, FINGERPRINT, ACTROLETYPE, ACTSORTID, ACTURLTYPE)
VALUES('ACT29DRM0603', '演练计划外发起', NULL, '/IGCOM0202.do?linkID=IGWKM0104&psdcode=Z&pdid=01385&ptid=20', 'M3', NULL, NULL, NULL, NULL, 'IGBP50', '080603', '0');
INSERT INTO ACTION
(ACTNAME, ACTLABEL, ACTDESC, ACTURL, ACTTYPE, ACTL1ID, ACTL2ID, ACTL3ID, FINGERPRINT, ACTROLETYPE, ACTSORTID, ACTURLTYPE)
VALUES('ACT29DRM0705', '培训计划管理', NULL, '/IGCOM0202.do?linkID=IGDRM1704', 'M3', NULL, NULL, NULL, NULL, 'IGBP50', '080705', '0');
INSERT INTO ACTION
(ACTNAME, ACTLABEL, ACTDESC, ACTURL, ACTTYPE, ACTL1ID, ACTL2ID, ACTL3ID, FINGERPRINT, ACTROLETYPE, ACTSORTID, ACTURLTYPE)
VALUES('ACT29DRM0703', '培训记录登记', NULL, '/IGCOM0202.do?linkID=IGDRM1702', 'M3', NULL, NULL, NULL, NULL, 'IGBP50', '080703', '0');
INSERT INTO ACTION
(ACTNAME, ACTLABEL, ACTDESC, ACTURL, ACTTYPE, ACTL1ID, ACTL2ID, ACTL3ID, FINGERPRINT, ACTROLETYPE, ACTSORTID, ACTURLTYPE)
VALUES('ACT29DRM10', '通知管理', NULL, '/IGCOM0202.do?linkID=IGDRM1401', 'M2', NULL, NULL, NULL, NULL, 'IGBP50', '0810', '0');
INSERT INTO ACTION
(ACTNAME, ACTLABEL, ACTDESC, ACTURL, ACTTYPE, ACTL1ID, ACTL2ID, ACTL3ID, FINGERPRINT, ACTROLETYPE, ACTSORTID, ACTURLTYPE)
VALUES('ACT29DRM0203', '场景修订审批查询', NULL, '/IGCOM0202.do?linkID=IGWKM0103&prpdid=01441&prtype=DRM', 'M3', NULL, NULL, NULL, NULL, 'IGBP50', '080203', '0');
INSERT INTO ACTION
(ACTNAME, ACTLABEL, ACTDESC, ACTURL, ACTTYPE, ACTL1ID, ACTL2ID, ACTL3ID, FINGERPRINT, ACTROLETYPE, ACTSORTID, ACTURLTYPE)
VALUES('ACT29DRM0502', '演练计划查询', NULL, '/IGCOM0202.do?linkID=IGDRM0603', 'M3', NULL, NULL, NULL, NULL, 'IGBP50', '080502', '0');
INSERT INTO ACTION
(ACTNAME, ACTLABEL, ACTDESC, ACTURL, ACTTYPE, ACTL1ID, ACTL2ID, ACTL3ID, FINGERPRINT, ACTROLETYPE, ACTSORTID, ACTURLTYPE)
VALUES('ACT29DRM08', '应急指挥', NULL, NULL, 'M2', NULL, NULL, NULL, NULL, 'IGBP50', '0808', '0');
INSERT INTO ACTION
(ACTNAME, ACTLABEL, ACTDESC, ACTURL, ACTTYPE, ACTL1ID, ACTL2ID, ACTL3ID, FINGERPRINT, ACTROLETYPE, ACTSORTID, ACTURLTYPE)
VALUES('ACT29DRM0701', '培训记录管理', NULL, '/IGCOM0202.do?linkID=IGDRM1701', 'M3', NULL, NULL, NULL, NULL, 'IGBP50', '080701', '0');
INSERT INTO ACTION
(ACTNAME, ACTLABEL, ACTDESC, ACTURL, ACTTYPE, ACTL1ID, ACTL2ID, ACTL3ID, FINGERPRINT, ACTROLETYPE, ACTSORTID, ACTURLTYPE)
VALUES('ACT29DRM0202', '场景审批查询', NULL, '/IGCOM0202.do?linkID=IGWKM0103&prpdid=01305&prtype=DRM', 'M3', NULL, NULL, NULL, NULL, 'IGBP50', '080202', '0');
INSERT INTO ACTION
(ACTNAME, ACTLABEL, ACTDESC, ACTURL, ACTTYPE, ACTL1ID, ACTL2ID, ACTL3ID, FINGERPRINT, ACTROLETYPE, ACTSORTID, ACTURLTYPE)
VALUES('ACT29DRM11', '统计分析', NULL, NULL, 'M2', NULL, NULL, NULL, NULL, 'IGBP50', '0811', '0');
INSERT INTO ACTION
(ACTNAME, ACTLABEL, ACTDESC, ACTURL, ACTTYPE, ACTL1ID, ACTL2ID, ACTL3ID, FINGERPRINT, ACTROLETYPE, ACTSORTID, ACTURLTYPE)
VALUES('ACT29DRM0905', '整改发起', NULL, '/IGCOM0202.do?linkID=IGWKM0104&psdcode=Z&pdid=02280&ptid=20', 'M3', NULL, NULL, NULL, NULL, 'IGBP50', '080905', '0');
INSERT INTO ACTION
(ACTNAME, ACTLABEL, ACTDESC, ACTURL, ACTTYPE, ACTL1ID, ACTL2ID, ACTL3ID, FINGERPRINT, ACTROLETYPE, ACTSORTID, ACTURLTYPE)
VALUES('ACT29DRM0501', '演练计划管理', NULL, '/IGCOM0202.do?linkID=IGDRM0602&isAdmin=T', 'M3', NULL, NULL, NULL, NULL, 'IGBP50', '080501', '0');
INSERT INTO ACTION
(ACTNAME, ACTLABEL, ACTDESC, ACTURL, ACTTYPE, ACTL1ID, ACTL2ID, ACTL3ID, FINGERPRINT, ACTROLETYPE, ACTSORTID, ACTURLTYPE)
VALUES('ACT29DRM1002', '通知发布', NULL, '/IGCOM0202.do?linkID=IGDRM1402', 'M3', NULL, NULL, NULL, NULL, 'IGBP50', '081002', '0');
INSERT INTO ACTION
(ACTNAME, ACTLABEL, ACTDESC, ACTURL, ACTTYPE, ACTL1ID, ACTL2ID, ACTL3ID, FINGERPRINT, ACTROLETYPE, ACTSORTID, ACTURLTYPE)
VALUES('ACT29DRM0204', '场景定义', NULL, '/IGCOM0202.do?linkID=IGWKM0104&psdcode=Z&pdid=01305&ptid=20', 'M3', NULL, NULL, NULL, NULL, 'IGBP50', '080204', '0');
INSERT INTO ACTION
(ACTNAME, ACTLABEL, ACTDESC, ACTURL, ACTTYPE, ACTL1ID, ACTL2ID, ACTL3ID, FINGERPRINT, ACTROLETYPE, ACTSORTID, ACTURLTYPE)
VALUES('ACT29DRM05', '演练计划管理', NULL, NULL, 'M2', NULL, NULL, NULL, NULL, 'IGBP50', '0805', '0');
INSERT INTO ACTION
(ACTNAME, ACTLABEL, ACTDESC, ACTURL, ACTTYPE, ACTL1ID, ACTL2ID, ACTL3ID, FINGERPRINT, ACTROLETYPE, ACTSORTID, ACTURLTYPE)
VALUES('ACT29DRM0608', '代签到', NULL, '/IGCOM0202.do?linkID=IGDRM1102', 'M3', NULL, NULL, NULL, NULL, 'IGBP50', '080608', '0');
INSERT INTO ACTION
(ACTNAME, ACTLABEL, ACTDESC, ACTURL, ACTTYPE, ACTL1ID, ACTL2ID, ACTL3ID, FINGERPRINT, ACTROLETYPE, ACTSORTID, ACTURLTYPE)
VALUES('ACT29DRM0201', '应急场景管理', NULL, '/IGCOM0202.do?linkID=IGDRM0104', 'M3', NULL, NULL, NULL, NULL, 'IGBP50', '080201', '0');
INSERT INTO ACTION
(ACTNAME, ACTLABEL, ACTDESC, ACTURL, ACTTYPE, ACTL1ID, ACTL2ID, ACTL3ID, FINGERPRINT, ACTROLETYPE, ACTSORTID, ACTURLTYPE)
VALUES('ACT29DRM1001', '通知管理', NULL, '/IGCOM0202.do?linkID=IGDRM1401', 'M3', NULL, NULL, NULL, NULL, 'IGBP50', '081001', '0');
INSERT INTO ACTION
(ACTNAME, ACTLABEL, ACTDESC, ACTURL, ACTTYPE, ACTL1ID, ACTL2ID, ACTL3ID, FINGERPRINT, ACTROLETYPE, ACTSORTID, ACTURLTYPE)
VALUES('ACT29DRM0503', '演练计划定义', NULL, '/IGCOM0202.do?linkID=IGDRM0601', 'M3', NULL, NULL, NULL, NULL, 'IGBP50', '080503', '0');
INSERT INTO ACTION
(ACTNAME, ACTLABEL, ACTDESC, ACTURL, ACTTYPE, ACTL1ID, ACTL2ID, ACTL3ID, FINGERPRINT, ACTROLETYPE, ACTSORTID, ACTURLTYPE)
VALUES('ACT29DRM0802', '应急指挥发起', NULL, '/IGCOM0202.do?linkID=IGWKM0104&psdcode=Z&pdid=01381&ptid=21', 'M3', NULL, NULL, NULL, NULL, 'IGBP50', '080802', '0');
INSERT INTO ACTION
(ACTNAME, ACTLABEL, ACTDESC, ACTURL, ACTTYPE, ACTL1ID, ACTL2ID, ACTL3ID, FINGERPRINT, ACTROLETYPE, ACTSORTID, ACTURLTYPE)
VALUES('ACT29DRM0103', '事件级别定义', NULL, '/IGCOM0202.do?linkID=IGDRM1601', 'M3', NULL, NULL, NULL, NULL, 'IGBP50', '080103', '0');
INSERT INTO ACTION
(ACTNAME, ACTLABEL, ACTDESC, ACTURL, ACTTYPE, ACTL1ID, ACTL2ID, ACTL3ID, FINGERPRINT, ACTROLETYPE, ACTSORTID, ACTURLTYPE)
VALUES('ACT29DRM0405', '应急资源模型定义', NULL, '/IGCOM0202.do?linkID=IGDRM0412', 'M3', NULL, NULL, NULL, NULL, 'IGBP50', '080405', '0');
INSERT INTO ACTION
(ACTNAME, ACTLABEL, ACTDESC, ACTURL, ACTTYPE, ACTL1ID, ACTL2ID, ACTL3ID, FINGERPRINT, ACTROLETYPE, ACTSORTID, ACTURLTYPE)
VALUES('ACT29DRM0702', '培训记录查询', NULL, '/IGCOM0202.do?linkID=IGDRM1703', 'M3', NULL, NULL, NULL, NULL, 'IGBP50', '080702', '0');
INSERT INTO ACTION
(ACTNAME, ACTLABEL, ACTDESC, ACTURL, ACTTYPE, ACTL1ID, ACTL2ID, ACTL3ID, FINGERPRINT, ACTROLETYPE, ACTSORTID, ACTURLTYPE)
VALUES('ACT29DRM1101', '预案统计', NULL, '/IGCOM0202.do?linkID=IGDRM1801', 'M3', NULL, NULL, NULL, NULL, 'IGBP50', '081101', '0');
INSERT INTO ACTION
(ACTNAME, ACTLABEL, ACTDESC, ACTURL, ACTTYPE, ACTL1ID, ACTL2ID, ACTL3ID, FINGERPRINT, ACTROLETYPE, ACTSORTID, ACTURLTYPE)
VALUES('ACT29DRM0601', '演练查询', NULL, '/IGCOM0202.do?linkID=IGDRM0703', 'M3', NULL, NULL, NULL, NULL, 'IGBP50', '080601', '0');
--INSERT INTO ACTION
--(ACTNAME, ACTLABEL, ACTDESC, ACTURL, ACTTYPE, ACTL1ID, ACTL2ID, ACTL3ID, FINGERPRINT, ACTROLETYPE, ACTSORTID, ACTURLTYPE)
--VALUES('ACT29DRM0301', '专项预案管理', NULL, '/IGCOM0202.do?linkID=IGDRM0502', 'M3', NULL, NULL, NULL, NULL, 'IGBP50', '080301', '0');
INSERT INTO ACTION
(ACTNAME, ACTLABEL, ACTDESC, ACTURL, ACTTYPE, ACTL1ID, ACTL2ID, ACTL3ID, FINGERPRINT, ACTROLETYPE, ACTSORTID, ACTURLTYPE)
VALUES('ACT29DRM0906', '整改查询', NULL, '/IGCOM0202.do?linkID=IGPRR0602&prpdid=02280&prtype=DRM', 'M3', NULL, NULL, NULL, NULL, 'IGBP50', '080906', '0');
INSERT INTO ACTION
(ACTNAME, ACTLABEL, ACTDESC, ACTURL, ACTTYPE, ACTL1ID, ACTL2ID, ACTL3ID, FINGERPRINT, ACTROLETYPE, ACTSORTID, ACTURLTYPE)
VALUES('ACT29DRM0706', '培训计划登记', NULL, '/IGCOM0202.do?linkID=IGDRM1706', 'M3', NULL, NULL, NULL, NULL, 'IGBP50', '080706', '0');
INSERT INTO ACTION
(ACTNAME, ACTLABEL, ACTDESC, ACTURL, ACTTYPE, ACTL1ID, ACTL2ID, ACTL3ID, FINGERPRINT, ACTROLETYPE, ACTSORTID, ACTURLTYPE)
VALUES('ACT29DRM0806', '代签到', NULL, '/IGCOM0202.do?linkID=IGDRM1104', 'M3', NULL, NULL, NULL, NULL, 'IGBP50', '080806', '0');
INSERT INTO ACTION
(ACTNAME, ACTLABEL, ACTDESC, ACTURL, ACTTYPE, ACTL1ID, ACTL2ID, ACTL3ID, FINGERPRINT, ACTROLETYPE, ACTSORTID, ACTURLTYPE)
VALUES('ACT29DRM0406', '取值范围', NULL, '/IGCOM0202.do?linkID=IGDRM0419', 'M3', NULL, NULL, NULL, NULL, 'IGBP50', '080406', '0');
INSERT INTO ACTION
(ACTNAME, ACTLABEL, ACTDESC, ACTURL, ACTTYPE, ACTL1ID, ACTL2ID, ACTL3ID, FINGERPRINT, ACTROLETYPE, ACTSORTID, ACTURLTYPE)
VALUES('ACT29DRM09', '评估整改', NULL, NULL, 'M2', NULL, NULL, NULL, NULL, 'IGBP50', '0809', '0');
INSERT INTO ACTION
(ACTNAME, ACTLABEL, ACTDESC, ACTURL, ACTTYPE, ACTL1ID, ACTL2ID, ACTL3ID, FINGERPRINT, ACTROLETYPE, ACTSORTID, ACTURLTYPE)
VALUES('ACT29DRM06', '演练管理', NULL, NULL, 'M2', NULL, NULL, NULL, NULL, 'IGBP50', '0806', '0');
INSERT INTO ACTION
(ACTNAME, ACTLABEL, ACTDESC, ACTURL, ACTTYPE, ACTL1ID, ACTL2ID, ACTL3ID, FINGERPRINT, ACTROLETYPE, ACTSORTID, ACTURLTYPE)
VALUES('ACT29DRM1102', '演练统计', NULL, '/IGCOM0202.do?linkID=IGDRM1811', 'M3', NULL, NULL, NULL, NULL, 'IGBP50', '081102', '0');
--INSERT INTO ACTION
--(ACTNAME, ACTLABEL, ACTDESC, ACTURL, ACTTYPE, ACTL1ID, ACTL2ID, ACTL3ID, FINGERPRINT, ACTROLETYPE, ACTSORTID, ACTURLTYPE)
--VALUES('ACT29DRM03', '专项预案管理', NULL, NULL, 'M2', NULL, NULL, NULL, NULL, 'IGBP50', '0803', '0');
INSERT INTO ACTION
(ACTNAME, ACTLABEL, ACTDESC, ACTURL, ACTTYPE, ACTL1ID, ACTL2ID, ACTL3ID, FINGERPRINT, ACTROLETYPE, ACTSORTID, ACTURLTYPE)
VALUES('ACT29DRM02', '应急场景管理', NULL, NULL, 'M2', NULL, NULL, NULL, NULL, 'IGBP50', '0802', '0');
INSERT INTO ACTION
(ACTNAME, ACTLABEL, ACTDESC, ACTURL, ACTTYPE, ACTL1ID, ACTL2ID, ACTL3ID, FINGERPRINT, ACTROLETYPE, ACTSORTID, ACTURLTYPE)
VALUES('ACT29DRM', '应急管理', NULL, '/IGCOM0202.do?linkID=IGDRM0000', 'M1', NULL, NULL, NULL, NULL, 'IGBP50', '08', '0');
INSERT INTO ACTION
(ACTNAME, ACTLABEL, ACTDESC, ACTURL, ACTTYPE, ACTL1ID, ACTL2ID, ACTL3ID, FINGERPRINT, ACTROLETYPE, ACTSORTID, ACTURLTYPE)
VALUES('ACT29DRM0104', '组织架构关系图', NULL, '/IGCOM0202.do?linkID=IGDRM1007', 'M3', NULL, NULL, NULL, NULL, 'IGBP50', '080101', '0');

--流程定义
INSERT INTO ACTION
(ACTNAME, ACTLABEL, ACTDESC, ACTURL, ACTTYPE, ACTL1ID, ACTL2ID, ACTL3ID, FINGERPRINT, ACTROLETYPE, ACTSORTID, ACTURLTYPE)
VALUES('ACT09SYM0805', '应急指挥', NULL, '/IGCOM0202.do?linkID=IGPRD0101&pttype=WDC', 'M3', NULL, NULL, NULL, NULL, NULL, '090805', '0');
INSERT INTO ACTION
(ACTNAME, ACTLABEL, ACTDESC, ACTURL, ACTTYPE, ACTL1ID, ACTL2ID, ACTL3ID, FINGERPRINT, ACTROLETYPE, ACTSORTID, ACTURLTYPE)
VALUES('ACT09SYM0806', '应急管理', NULL, '/IGCOM0202.do?linkID=IGPRD0101&pttype=DRM', 'M3', NULL, NULL, NULL, NULL, NULL, '090806', '0');
--插入应急处置菜单
INSERT INTO ACTION
(ACTNAME, ACTLABEL, ACTDESC, ACTURL, ACTTYPE, ACTL1ID, ACTL2ID, ACTL3ID, FINGERPRINT, ACTROLETYPE, ACTSORTID, ACTURLTYPE)
VALUES('ACT29DRM0807', '应急处置查询', NULL, '/IGCOM0202.do?linkID=IGDRM1901&prtype=WDP', 'M3', NULL, NULL, NULL, NULL, 'IGBP50', '080807', '0');
--专项预案
INSERT INTO ACTION
(ACTNAME, ACTLABEL, ACTDESC, ACTURL, ACTTYPE, ACTL1ID, ACTL2ID, ACTL3ID, FINGERPRINT, ACTROLETYPE, ACTSORTID, ACTURLTYPE)
VALUES('ACT29DRM0302', '专项预案模板管理', NULL, '/IGCOM0202.do?linkID=IGDRM0502', 'M3', NULL, NULL, NULL, NULL, 'IGBP50', '080302', '0');
INSERT INTO ACTION
(ACTNAME, ACTLABEL, ACTDESC, ACTURL, ACTTYPE, ACTL1ID, ACTL2ID, ACTL3ID, FINGERPRINT, ACTROLETYPE, ACTSORTID, ACTURLTYPE)
VALUES('ACT29DRM0305', '专项预案查询', NULL, '/IGCOM0202.do?linkID=IGDRM0505', 'M3', NULL, NULL, NULL, NULL, 'IGBP50', '080305', '0');
INSERT INTO ACTION
(ACTNAME, ACTLABEL, ACTDESC, ACTURL, ACTTYPE, ACTL1ID, ACTL2ID, ACTL3ID, FINGERPRINT, ACTROLETYPE, ACTSORTID, ACTURLTYPE)
VALUES('ACT29DRM0301', '专项预案模板定义', NULL, '/IGCOM0202.do?linkID=IGDRM0501', 'M3', NULL, NULL, NULL, NULL, 'IGBP50', '080301', '0');
INSERT INTO ACTION
(ACTNAME, ACTLABEL, ACTDESC, ACTURL, ACTTYPE, ACTL1ID, ACTL2ID, ACTL3ID, FINGERPRINT, ACTROLETYPE, ACTSORTID, ACTURLTYPE)
VALUES('ACT29DRM0303', '专项预案新增', NULL, '/IGCOM0202.do?linkID=IGDRM0504', 'M3', NULL, NULL, NULL, NULL, 'IGBP50', '080303', '0');
INSERT INTO ACTION
(ACTNAME, ACTLABEL, ACTDESC, ACTURL, ACTTYPE, ACTL1ID, ACTL2ID, ACTL3ID, FINGERPRINT, ACTROLETYPE, ACTSORTID, ACTURLTYPE)
VALUES('ACT29DRM0304', '专项预案管理', NULL, '/IGCOM0202.do?linkID=IGDRM0503', 'M3', NULL, NULL, NULL, NULL, 'IGBP50', '080304', '0');
INSERT INTO ACTION
(ACTNAME, ACTLABEL, ACTDESC, ACTURL, ACTTYPE, ACTL1ID, ACTL2ID, ACTL3ID, FINGERPRINT, ACTROLETYPE, ACTSORTID, ACTURLTYPE)
VALUES('ACT29DRM03', '专项预案管理', NULL, '', 'M2', NULL, NULL, NULL, NULL, 'IGBP50', '0803', '0');
-- 新增应急制度菜单
insert into action(actname,actlabel,acturl,acttype,actroletype,actsortid,acturltype) values('ACT29DRM0109','应急制度登记','/IGCOM0202.do?linkID=IGASM5003','M3','IGBP50,IGAC10','080109','0');
insert into action(actname,actlabel,acturl,acttype,actroletype,actsortid,acturltype) values('ACT29DRM0107','应急制度制度维护','/IGCOM0202.do?linkID=IGASM5001','M3','IGBP50,IGAC10','080107','0');
insert into action(actname,actlabel,acturl,acttype,actroletype,actsortid,acturltype) values('ACT29DRM0108','应急制度制度查询','/IGCOM0202.do?linkID=IGASM5002','M3','IGBP50,IGAC10','080108','0');


--更改评估发起的菜单url
update action set acturl = '/IGCOM0202.do?linkID=IGWKM0104&psdcode=Z&pdid=02280&ptid=20' where actname = 'ACT29DRM0905';
update action set acturl = '/IGCOM0202.do?linkID=IGWKM0103&prpdid=02280&prtype=DRM' where actname = 'ACT29DRM0906';
update action set acturl = '/IGCOM0202.do?linkID=IGWKM0104&psdcode=Z&pdid=02300&ptid=20' where actname = 'ACT29DRM0901';
update action set acturl = '/IGCOM0202.do?linkID=IGWKM0103&prpdid=02300&prtype=DRM' where actname = 'ACT29DRM0902';
update action  set acturl = replace(acturl,'01381','01386') where actname in ('ACT02SVC0801','ACT02SVC0802','ACT29DRM0802');
update action  set acturl = replace(acturl,'18','22') where actname in ('ACT29DRM0802');
----20160427场景定义查询点击导出报错-替换成最新的流程查询页面不带导出按钮的add by wym
update action set acturl = '/IGCOM0202.do?linkID=IGWKM0103&prpdid=01305&prtype=DRM' where actname = 'ACT29DRM0202';
update action  set acturl = replace(acturl,'01381','01386') where actname in ('ACT02SVC0801','ACT02SVC0802','ACT29DRM0802');
update action  set acturl = replace(acturl,'18','22') where actname in ('ACT29DRM0802');
----20160427场景修订查询点击导出报错-替换成最新的流程查询页面不带导出按钮的add by wym
update action set acturl = '/IGCOM0202.do?linkID=IGWKM0103&prpdid=01305&prtype=DRM' where actname = 'ACT29DRM0203';
update action set acturl = '/IGCOM0202.do?linkID=IGWKM0104&pdid=01385&ptid=20&prassetid=1' where  actname= 'ACT29DRM0603' ;



--ig259
INSERT INTO IG259
(PTID, PTNAME, PTTYPE, PTSTARTPG, PTDETAILPG, PTCRTDATE, PTPICINFO, PTSTATUS, PTSAVEPG, PTQRTZFLAG, FIRSTSITE, PDSEQUENCE, FINGERPRINT)
VALUES(20, '应急管理', 'DRM', 'IGPRR0102_Disp.do?psdcode=Z&ptid=20&pdid=', 'IGPRR0102_Disp.do?prtype=DRM&prid=', '2015/04/20', NULL, 'a', NULL, NULL, '0', 'PDID_SEQ', NULL);
INSERT INTO IG259
(PTID, PTNAME, PTTYPE, PTSTARTPG, PTDETAILPG, PTCRTDATE, PTPICINFO, PTSTATUS, PTSAVEPG, PTQRTZFLAG, FIRSTSITE, PDSEQUENCE, FINGERPRINT)
VALUES(22, '应急处置', 'WDP', 'IGPRR0102_Disp.do?psdcode=Z&ptid=22&pdid=', 'IGPRR0102_Disp.do?prtype=WDP&prid=', '2014/05/19', NULL, 'a', NULL, NULL, '0', 'PDID_SEQ', NULL);
INSERT INTO IG259
(PTID, PTNAME, PTTYPE, PTSTARTPG, PTDETAILPG, PTCRTDATE, PTPICINFO, PTSTATUS, PTSAVEPG, PTQRTZFLAG, FIRSTSITE, PDSEQUENCE, FINGERPRINT)
VALUES(21, '指挥流程', 'WDC', 'IGPRR0102_Disp.do?psdcode=Z&ptid=21&pdid=', 'IGPRR0102_Disp.do?prtype=WDC&prid=', '2014/05/19', NULL, 'a', NULL, NULL, '0', 'PDID_SEQ', NULL);



 


 --eventss数据
 INSERT INTO EVENTSS
(EVENTID, EVENTNAME, LABELS, EVENTDES, FINGERPRINT)
VALUES(2, '严重突发事件（Ⅱ级）', 1, '1.在业务服务时段内，部分分支机构和网点全部重要业务中断
2.在业务服务时段内，部分分支机构和网点部分重要业务中断
', NULL);
INSERT INTO EVENTSS
(EVENTID, EVENTNAME, LABELS, EVENTDES, FINGERPRINT)
VALUES(3, '灾难突发事件（Ⅰ级）', 2, '1.在业务服务时段内，全行范围内所有重要业务中断
2.在业务服务时段内，全行范围内部分重要业务中断
', NULL);
 INSERT INTO SCOPES
(SCOPEID, EVENTID, IMPSCOPE, IMPBUS, IMPTIME, FINGERPRINT)
VALUES(8, 3, '一个', '单家', '480分钟(含)以上', NULL);
INSERT INTO SCOPES
(SCOPEID, EVENTID, IMPSCOPE, IMPBUS, IMPTIME, FINGERPRINT)
VALUES(2, 2, '一个(含)以上', '多家', '120分钟(含)以上', NULL);
INSERT INTO SCOPES
(SCOPEID, EVENTID, IMPSCOPE, IMPBUS, IMPTIME, FINGERPRINT)
VALUES(4, 2, '一个(含)以上', '单家', '240分钟(含)以上', NULL);
INSERT INTO SCOPES
(SCOPEID, EVENTID, IMPSCOPE, IMPBUS, IMPTIME, FINGERPRINT)
VALUES(7, 3, '两个(含)以上', '单家', '240分钟(含)以上', NULL);
INSERT INTO SCOPES
(SCOPEID, EVENTID, IMPSCOPE, IMPBUS, IMPTIME, FINGERPRINT)
VALUES(3, 2, '两个(含)以上', '单家', '120分钟(含)以上', NULL);
INSERT INTO SCOPES
(SCOPEID, EVENTID, IMPSCOPE, IMPBUS, IMPTIME, FINGERPRINT)
VALUES(6, 3, '一个(含)以上', '多家', '240分钟(含)以上', NULL);

--CODEDETAIL角色类型
INSERT INTO CODEDETAIL
(CCID, CID, CVALUE, PCCID, PCID, UPDTIME, SYSCODING, PSYSCODING, CDSTATUS, BUSINESSCODE, FINGERPRINT, CDINFO, CDORDER)
VALUES('100', 'IGBP50', '应急管理', NULL, NULL, '2015/02/27 00:00', NULL, NULL, NULL, NULL, NULL, NULL, NULL);

INSERT INTO CODEDETAIL
(CCID, CID, CVALUE, PCCID, PCID, UPDTIME, SYSCODING, PSYSCODING, CDSTATUS, BUSINESSCODE, FINGERPRINT, CDINFO, CDORDER)
VALUES('100', 'IGBP41', '机房管理组', NULL, NULL, '2010/01/01 00:00', NULL, NULL, NULL, NULL, NULL, NULL, NULL);
 
INSERT INTO CODEDETAIL
(CCID, CID, CVALUE, PCCID, PCID, UPDTIME, SYSCODING, PSYSCODING, CDSTATUS, BUSINESSCODE, FINGERPRINT, CDINFO, CDORDER)
VALUES('100', 'IGBP42', '管理组', NULL, NULL, '2010/01/01 00:00', NULL, NULL, NULL, NULL, NULL, NULL, NULL);

INSERT INTO CODEDETAIL
(CCID, CID, CVALUE, PCCID, PCID, UPDTIME, SYSCODING, PSYSCODING, CDSTATUS, BUSINESSCODE, FINGERPRINT, CDINFO, CDORDER)
VALUES('100', 'IGBP43', '设备组', NULL, NULL, '2010/01/01 00:00', NULL, NULL, NULL, NULL, NULL, NULL, NULL);

INSERT INTO CODEDETAIL
(CCID, CID, CVALUE, PCCID, PCID, UPDTIME, SYSCODING, PSYSCODING, CDSTATUS, BUSINESSCODE, FINGERPRINT, CDINFO, CDORDER)
VALUES('100', 'IGBP44', '系统网络组', NULL, NULL, '2010/01/01 00:00', NULL, NULL, NULL, NULL, NULL, NULL, NULL);

INSERT INTO CODEDETAIL
(CCID, CID, CVALUE, PCCID, PCID, UPDTIME, SYSCODING, PSYSCODING, CDSTATUS, BUSINESSCODE, FINGERPRINT, CDINFO, CDORDER)
VALUES('100', 'IGBP45', '项目组', NULL, NULL, '2010/01/01 00:00', NULL, NULL, NULL, NULL, NULL, NULL, NULL);

INSERT INTO CODEDETAIL
(CCID, CID, CVALUE, PCCID, PCID, UPDTIME, SYSCODING, PSYSCODING, CDSTATUS, BUSINESSCODE, FINGERPRINT, CDINFO, CDORDER)
VALUES('100', 'IGBP46', '应用组', NULL, NULL, '2010/01/01 00:00', NULL, NULL, NULL, NULL, NULL, NULL, NULL);

INSERT INTO CODEDETAIL
(CCID, CID, CVALUE, PCCID, PCID, UPDTIME, SYSCODING, PSYSCODING, CDSTATUS, BUSINESSCODE, FINGERPRINT, CDINFO, CDORDER)
VALUES('100', 'IGBP47', '综合组', NULL, NULL, '2010/01/01 00:00', NULL, NULL, NULL, NULL, NULL, NULL, NULL);

--mina基础数据
INSERT INTO CODEDETAIL
(CCID, CID, CVALUE, PCCID, PCID, UPDTIME, SYSCODING, PSYSCODING, CDSTATUS, BUSINESSCODE, FINGERPRINT, CDINFO, CDORDER)
VALUES('174', '2', '57.0.6.43', NULL, NULL, '2015/07/15 11:18', NULL, NULL, NULL, NULL, NULL, 'Mina服务IP', NULL);
INSERT INTO CODEDETAIL
(CCID, CID, CVALUE, PCCID, PCID, UPDTIME, SYSCODING, PSYSCODING, CDSTATUS, BUSINESSCODE, FINGERPRINT, CDINFO, CDORDER)
VALUES('174', '1', '7911', NULL, NULL, '2014/10/11 11:55', NULL, NULL, NULL, NULL, NULL, 'Mina服务端口号', NULL);

--codedetail
INSERT INTO CODEDETAIL
(CCID, CID, CVALUE, PCCID, PCID, UPDTIME, SYSCODING, PSYSCODING, CDSTATUS, BUSINESSCODE, FINGERPRINT, CDINFO, CDORDER)
VALUES('050', '01', '专项预案-场景', NULL, NULL, '2015/03/09 00:00', NULL, NULL, NULL, '050-060', NULL, NULL, NULL);



INSERT INTO  CODECATEGORYDEF (ccid, ccname, ccinfo, cceditable, pccid, pcflag)
values ('230', '应急组织架构', null, '3', null, '4');
insert into CODECATEGORYDEF (ccid, ccname, ccinfo, cceditable, pccid, pcflag, fingerprint)
values ('240', '日常管理组织架构', null, '3', null, '4', null);

insert into CODECATEGORYDEF (ccid, ccname, ccinfo, cceditable, pccid, pcflag, fingerprint)
values ('231', '一级分类', '一级分类', '3', '230', '4', null);
insert into CODECATEGORYDEF (ccid, ccname, ccinfo, cceditable, pccid, pcflag, fingerprint)
values ('232', '二级分类', '二级分类', '3', '231', '4', null);
insert into CODECATEGORYDEF (ccid, ccname, ccinfo, cceditable, pccid, pcflag, fingerprint)
values ('233', '三级分类', '三级分类', '3', '232', '4', null);

insert into CODECATEGORYDEF (ccid, ccname, ccinfo, cceditable, pccid, pcflag, fingerprint)
values ('241', '一级分类', '一级分类', '3', '240', '4', null);
insert into CODECATEGORYDEF (ccid, ccname, ccinfo, cceditable, pccid, pcflag, fingerprint)
values ('242', '二级分类', '二级分类', '3', '241', '4', null);
insert into CODECATEGORYDEF (ccid, ccname, ccinfo, cceditable, pccid, pcflag, fingerprint)
values ('243', '三级分类', '三级分类', '3', '242', '4', null);

insert into CODEDETAILDEF (ccid, cid, cvalue, pccid, pcid, updtime, syscoding, psyscoding, cdstatus, businesscode, cdinfo, fingerprint)
values ('230', '0001', '应急决策层', null, null, '2016/04/13 14:39', '230001', null, '1', null, null, null);
insert into CODEDETAILDEF (ccid, cid, cvalue, pccid, pcid, updtime, syscoding, psyscoding, cdstatus, businesscode, cdinfo, fingerprint)
values ('230', '0002', '应急指挥层', null, null, '2014/10/20 14:19', '230002', null, '1', null, null, null);
insert into CODEDETAILDEF (ccid, cid, cvalue, pccid, pcid, updtime, syscoding, psyscoding, cdstatus, businesscode, cdinfo, fingerprint)
values ('230', '0003', '应急执行层', null, null, '2014/10/20 14:19', '230003', null, '1', null, null, null);
insert into CODEDETAILDEF (ccid, cid, cvalue, pccid, pcid, updtime, syscoding, psyscoding, cdstatus, businesscode, cdinfo, fingerprint)
values ('230', '0004', '应急保障层', null, null, '2014/10/20 14:19', '230004', null, '1', null, null, null);



--********************角色**********************
--ROLE插入角色
INSERT INTO ROLE
(ROLEID, ROLENAME, ROLEDESC, ROLEINFO, ROLETYPE, ROLEDOMAIN, ASSETDOMAIN, FINGERPRINT)
VALUES(572, '应急管理员', NULL, NULL, 'IGBP50', '0002', NULL, NULL);
INSERT INTO ROLE
(ROLEID, ROLENAME, ROLEDESC, ROLEINFO, ROLETYPE, ROLEDOMAIN, ASSETDOMAIN, FINGERPRINT)
VALUES(583, '值班人员', NULL, NULL, 'IGBP50', '0002', NULL, NULL);
INSERT INTO ROLE
(ROLEID, ROLENAME, ROLEDESC, ROLEINFO, ROLETYPE, ROLEDOMAIN, ASSETDOMAIN, FINGERPRINT)
VALUES(574, '应急指挥组', NULL, NULL, 'IGBP50', '0002', NULL, NULL);
INSERT INTO ROLE
(ROLEID, ROLENAME, ROLEDESC, ROLEINFO, ROLETYPE, ROLEDOMAIN, ASSETDOMAIN, FINGERPRINT)
VALUES(579, '应急保障组', NULL, NULL, 'IGBP50', '0002', NULL, NULL);
INSERT INTO ROLE
(ROLEID, ROLENAME, ROLEDESC, ROLEINFO, ROLETYPE, ROLEDOMAIN, ASSETDOMAIN, FINGERPRINT)
VALUES(578, '服务提供商', NULL, NULL, 'IGBP50', '0002', NULL, NULL);
INSERT INTO ROLE
(ROLEID, ROLENAME, ROLEDESC, ROLEINFO, ROLETYPE, ROLEDOMAIN, ASSETDOMAIN, FINGERPRINT)
VALUES(581, '应急领导小组', NULL, NULL, 'IGBP50', '0002', NULL, NULL);
INSERT INTO ROLE
(ROLEID, ROLENAME, ROLEDESC, ROLEINFO, ROLETYPE, ROLEDOMAIN, ASSETDOMAIN, FINGERPRINT)
VALUES(576, '技术恢复组', NULL, NULL, 'IGBP50', '0002', NULL, NULL);
INSERT INTO ROLE
(ROLEID, ROLENAME, ROLEDESC, ROLEINFO, ROLETYPE, ROLEDOMAIN, ASSETDOMAIN, FINGERPRINT)
VALUES(501, '业务连续性管理员', NULL, NULL, 'IGBP50', '0002', NULL, NULL);
INSERT INTO ROLE
(ROLEID, ROLENAME, ROLEDESC, ROLEINFO, ROLETYPE, ROLEDOMAIN, ASSETDOMAIN, FINGERPRINT)
VALUES(573, '应急专家组', NULL, NULL, 'IGBP50', '0002', NULL, NULL);
INSERT INTO ROLE
(ROLEID, ROLENAME, ROLEDESC, ROLEINFO, ROLETYPE, ROLEDOMAIN, ASSETDOMAIN, FINGERPRINT)
VALUES(580, '分支行应急小组', NULL, NULL, 'IGBP50', '0002', NULL, NULL);
INSERT INTO ROLE
(ROLEID, ROLENAME, ROLEDESC, ROLEINFO, ROLETYPE, ROLEDOMAIN, ASSETDOMAIN, FINGERPRINT)
VALUES(577, '业务恢复组', NULL, NULL, 'IGBP50', '0002', NULL, NULL);
INSERT INTO ROLE
(ROLEID, ROLENAME, ROLEDESC, ROLEINFO, ROLETYPE, ROLEDOMAIN, ASSETDOMAIN, FINGERPRINT)
VALUES(582, '预案管理员', NULL, NULL, 'IGBP50', '0002', NULL, NULL);
INSERT INTO ROLE
(ROLEID, ROLENAME, ROLEDESC, ROLEINFO, ROLETYPE, ROLEDOMAIN, ASSETDOMAIN, FINGERPRINT)
VALUES(575, '应急管理委员会', NULL, NULL, 'IGBP50', '0002', NULL, NULL);
INSERT INTO ROLE
(ROLEID, ROLENAME, ROLEDESC, ROLEINFO, ROLETYPE, ROLEDOMAIN, ASSETDOMAIN, FINGERPRINT)
VALUES(500, '应用负责人', NULL, NULL, 'IGBP50', '0002', NULL, NULL);
--20160405
INSERT INTO ROLE
(ROLEID, ROLENAME, ROLEDESC, ROLEINFO, ROLETYPE, ROLEDOMAIN, ASSETDOMAIN, FINGERPRINT)
VALUES(4104, '业务审批', NULL, NULL, 'IGBP21', '0002', NULL, NULL);
INSERT INTO ROLE
(ROLEID, ROLENAME, ROLEDESC, ROLEINFO, ROLETYPE, ROLEDOMAIN, ASSETDOMAIN, FINGERPRINT)
VALUES(4074, '副总经理', NULL, NULL, 'IGBP42', '0002001008', NULL, NULL);
INSERT INTO ROLE
(ROLEID, ROLENAME, ROLEDESC, ROLEINFO, ROLETYPE, ROLEDOMAIN, ASSETDOMAIN, FINGERPRINT)
VALUES(4077, '设备维护岗', NULL, NULL, 'IGBP43', '0002001008', NULL, NULL);
INSERT INTO ROLE
(ROLEID, ROLENAME, ROLEDESC, ROLEINFO, ROLETYPE, ROLEDOMAIN, ASSETDOMAIN, FINGERPRINT)
VALUES(4092, '管理应用岗', NULL, NULL, 'IGBP46', '0002001008', NULL, NULL);
INSERT INTO ROLE
(ROLEID, ROLENAME, ROLEDESC, ROLEINFO, ROLETYPE, ROLEDOMAIN, ASSETDOMAIN, FINGERPRINT)
VALUES(4088, '渠道组组长', NULL, NULL, 'IGBP46', '0002001008', NULL, NULL);
INSERT INTO ROLE
(ROLEID, ROLENAME, ROLEDESC, ROLEINFO, ROLETYPE, ROLEDOMAIN, ASSETDOMAIN, FINGERPRINT)
VALUES(4101, '需求分析岗', NULL, NULL, 'IGBP45', '0002001008', NULL, NULL);
INSERT INTO ROLE
(ROLEID, ROLENAME, ROLEDESC, ROLEINFO, ROLETYPE, ROLEDOMAIN, ASSETDOMAIN, FINGERPRINT)
VALUES(4091, '管理应用组组长', NULL, NULL, 'IGBP46', '0002001008', NULL, NULL);
INSERT INTO ROLE
(ROLEID, ROLENAME, ROLEDESC, ROLEINFO, ROLETYPE, ROLEDOMAIN, ASSETDOMAIN, FINGERPRINT)
VALUES(4083, '网络岗', NULL, NULL, 'IGBP44', '0002001008', NULL, NULL);
INSERT INTO ROLE
(ROLEID, ROLENAME, ROLEDESC, ROLEINFO, ROLETYPE, ROLEDOMAIN, ASSETDOMAIN, FINGERPRINT)
VALUES(4086, '数据库岗', NULL, NULL, 'IGBP44', '0002001008', NULL, NULL);
INSERT INTO ROLE
(ROLEID, ROLENAME, ROLEDESC, ROLEINFO, ROLETYPE, ROLEDOMAIN, ASSETDOMAIN, FINGERPRINT)
VALUES(4076, '设备组组长', NULL, NULL, 'IGBP43', '0002001008', NULL, NULL);
INSERT INTO ROLE
(ROLEID, ROLENAME, ROLEDESC, ROLEINFO, ROLETYPE, ROLEDOMAIN, ASSETDOMAIN, FINGERPRINT)
VALUES(4080, '系统网络组组长', NULL, NULL, 'IGBP44', '0002001008', NULL, NULL);
INSERT INTO ROLE
(ROLEID, ROLENAME, ROLEDESC, ROLEINFO, ROLETYPE, ROLEDOMAIN, ASSETDOMAIN, FINGERPRINT)
VALUES(4093, '项目管理岗', NULL, NULL, 'IGBP45', '0002001008', NULL, NULL);
INSERT INTO ROLE
(ROLEID, ROLENAME, ROLEDESC, ROLEINFO, ROLETYPE, ROLEDOMAIN, ASSETDOMAIN, FINGERPRINT)
VALUES(4102, '需求受理岗', NULL, NULL, 'IGBP45', '0002001008', NULL, NULL);
INSERT INTO ROLE
(ROLEID, ROLENAME, ROLEDESC, ROLEINFO, ROLETYPE, ROLEDOMAIN, ASSETDOMAIN, FINGERPRINT)
VALUES(4084, '软件岗', NULL, NULL, 'IGBP44', '0002001008', NULL, NULL);
INSERT INTO ROLE
(ROLEID, ROLENAME, ROLEDESC, ROLEINFO, ROLETYPE, ROLEDOMAIN, ASSETDOMAIN, FINGERPRINT)
VALUES(4087, '渠道管理岗', NULL, NULL, 'IGBP46', '0002001008', NULL, NULL);
INSERT INTO ROLE
(ROLEID, ROLENAME, ROLEDESC, ROLEINFO, ROLETYPE, ROLEDOMAIN, ASSETDOMAIN, FINGERPRINT)
VALUES(4075, '总经理', NULL, NULL, 'IGBP42', '0002001008', NULL, NULL);
INSERT INTO ROLE
(ROLEID, ROLENAME, ROLEDESC, ROLEINFO, ROLETYPE, ROLEDOMAIN, ASSETDOMAIN, FINGERPRINT)
VALUES(4089, '核心业务组组长', NULL, NULL, 'IGBP46', '0002001008', NULL, NULL);
INSERT INTO ROLE
(ROLEID, ROLENAME, ROLEDESC, ROLEINFO, ROLETYPE, ROLEDOMAIN, ASSETDOMAIN, FINGERPRINT)
VALUES(4107, '项目组组长', NULL, NULL, 'IGBP45', '0002001', NULL, NULL);
INSERT INTO ROLE
(ROLEID, ROLENAME, ROLEDESC, ROLEINFO, ROLETYPE, ROLEDOMAIN, ASSETDOMAIN, FINGERPRINT)
VALUES(4079, '线路岗', NULL, NULL, 'IGBP44', '0002001008', NULL, NULL);
INSERT INTO ROLE
(ROLEID, ROLENAME, ROLEDESC, ROLEINFO, ROLETYPE, ROLEDOMAIN, ASSETDOMAIN, FINGERPRINT)
VALUES(4085, '系统岗', NULL, NULL, 'IGBP44', '0002001008', NULL, NULL);
INSERT INTO ROLE
(ROLEID, ROLENAME, ROLEDESC, ROLEINFO, ROLETYPE, ROLEDOMAIN, ASSETDOMAIN, FINGERPRINT)
VALUES(4072, '机房管理组组长', NULL, NULL, 'IGBP41', '0002001008', NULL, NULL);
INSERT INTO ROLE
(ROLEID, ROLENAME, ROLEDESC, ROLEINFO, ROLETYPE, ROLEDOMAIN, ASSETDOMAIN, FINGERPRINT)
VALUES(4073, '机房管理岗', NULL, NULL, 'IGBP41', '0002001008', NULL, NULL);
INSERT INTO ROLE
(ROLEID, ROLENAME, ROLEDESC, ROLEINFO, ROLETYPE, ROLEDOMAIN, ASSETDOMAIN, FINGERPRINT)
VALUES(4090, '核心业务岗', NULL, NULL, 'IGBP46', '0002001008', NULL, NULL);
INSERT INTO ROLE
(ROLEID, ROLENAME, ROLEDESC, ROLEINFO, ROLETYPE, ROLEDOMAIN, ASSETDOMAIN, FINGERPRINT)
VALUES(4078, '服务台', NULL, NULL, 'IGBP46', '0002001008', NULL, NULL);
INSERT INTO ROLE
(ROLEID, ROLENAME, ROLEDESC, ROLEINFO, ROLETYPE, ROLEDOMAIN, ASSETDOMAIN, FINGERPRINT)
VALUES(4081, '综合管理岗', NULL, NULL, 'IGBP47', '0002001008', NULL, NULL);
 --补充角色少的脚本
INSERT INTO ROLE
(ROLEID, ROLENAME, ROLEDESC, ROLEINFO, ROLETYPE, ROLEDOMAIN, ASSETDOMAIN, FINGERPRINT)
VALUES(4103, '业务人员', NULL, NULL, 'IGBP07', '0002', NULL, NULL);

  
  
--插入STRUCTUREROLE数据
INSERT INTO STRUCTUREROLE
(SRID, SYSCODING, CID, SNAME, ROLEID, ROLENAME, SRTYPE, FINGERPRINT)
VALUES(13, '230004', '0004', '应急保障层', 579, '应急保障组', 'Y', NULL);
INSERT INTO STRUCTUREROLE
(SRID, SYSCODING, CID, SNAME, ROLEID, ROLENAME, SRTYPE, FINGERPRINT)
VALUES(5, '230003', '0003', '应急执行层', 573, '应急专家组', 'Y', NULL);
INSERT INTO STRUCTUREROLE
(SRID, SYSCODING, CID, SNAME, ROLEID, ROLENAME, SRTYPE, FINGERPRINT)
VALUES(4, '230003', '0003', '应急执行层', 576, '技术恢复组', 'Y', NULL);
INSERT INTO STRUCTUREROLE
(SRID, SYSCODING, CID, SNAME, ROLEID, ROLENAME, SRTYPE, FINGERPRINT)
VALUES(2, '230001', '0001', '应急决策层', 575, '应急管理委员会', 'Y', NULL);
INSERT INTO STRUCTUREROLE
(SRID, SYSCODING, CID, SNAME, ROLEID, ROLENAME, SRTYPE, FINGERPRINT)
VALUES(7, '230003', '0003', '应急执行层', 582, '预案管理员', 'Y', NULL);
INSERT INTO STRUCTUREROLE
(SRID, SYSCODING, CID, SNAME, ROLEID, ROLENAME, SRTYPE, FINGERPRINT)
VALUES(9, '230002', '0002', '应急指挥层', 574, '应急指挥组', 'Y', NULL);
INSERT INTO STRUCTUREROLE
(SRID, SYSCODING, CID, SNAME, ROLEID, ROLENAME, SRTYPE, FINGERPRINT)
VALUES(12, '230004', '0004', '应急保障层', 578, '服务提供商', 'Y', NULL);
INSERT INTO STRUCTUREROLE
(SRID, SYSCODING, CID, SNAME, ROLEID, ROLENAME, SRTYPE, FINGERPRINT)
VALUES(10, '230003', '0003', '应急执行层', 500, '应用负责组', 'Y', NULL);
INSERT INTO STRUCTUREROLE
(SRID, SYSCODING, CID, SNAME, ROLEID, ROLENAME, SRTYPE, FINGERPRINT)
VALUES(6, '230003', '0003', '应急执行层', 577, '业务恢复组', 'Y', NULL);
INSERT INTO STRUCTUREROLE
(SRID, SYSCODING, CID, SNAME, ROLEID, ROLENAME, SRTYPE, FINGERPRINT)
VALUES(1, '230001', '0001', '应急决策层', 581, '应急领导小组', 'Y', NULL);
INSERT INTO STRUCTUREROLE
(SRID, SYSCODING, CID, SNAME, ROLEID, ROLENAME, SRTYPE, FINGERPRINT)
VALUES(8, '230003', '0003', '应急执行层', 572, '应急管理员', 'Y', NULL);
INSERT INTO STRUCTUREROLE
(SRID, SYSCODING, CID, SNAME, ROLEID, ROLENAME, SRTYPE, FINGERPRINT)
VALUES(11, '230003', '0003', '应急执行层', 580, '分支行应急小组', 'Y', NULL);


  --soc0117添加场景数据
INSERT INTO SOC0117
(EID, ENAME, ELABEL, EDESC, ESTATUS, ECATEGORY, EKEY1, EKEY2, EKEY3, ESYSCODING, EPARCODING, FINGERPRINT, EMODELTYPE)
VALUES('CM60000000', '场景', 'CJ', NULL, '1', '060', '0', NULL, NULL, '999060', '999', NULL, NULL);
INSERT INTO SOC0117
(EID, ENAME, ELABEL, EDESC, ESTATUS, ECATEGORY, EKEY1, EKEY2, EKEY3, ESYSCODING, EPARCODING, FINGERPRINT, EMODELTYPE)
VALUES('CM888001001', '预案', '080', '', '1', '080', NULL, NULL, NULL, '888001', '888', NULL, NULL);
--soc0119
INSERT INTO SOC0109
(CID, EID, CNAME, CLABEL, CDESC, CUNIT, CSTATUS, CSEQ, CCATEGORY, COPTION, CATTACH, ESYSCODING, FINGERPRINT, CREQUIRED, CORDER)
VALUES('CI600000001006', 'CM60000000', '是否已演练', NULL, NULL, NULL, '1', 2, '001', '520', '2', '999060', NULL, '0', NULL);
INSERT INTO SOC0109
(CID, EID, CNAME, CLABEL, CDESC, CUNIT, CSTATUS, CSEQ, CCATEGORY, COPTION, CATTACH, ESYSCODING, FINGERPRINT, CREQUIRED, CORDER)
VALUES('CI600000001004', 'CM60000000', '场景应急处置步骤', NULL, NULL, NULL, '1', 2, '001', NULL, '0', '999060', NULL, '0', NULL);
INSERT INTO SOC0109
(CID, EID, CNAME, CLABEL, CDESC, CUNIT, CSTATUS, CSEQ, CCATEGORY, COPTION, CATTACH, ESYSCODING, FINGERPRINT, CREQUIRED, CORDER)
VALUES('CI600000001001', 'CM60000000', '场景名称', NULL, NULL, NULL, '1', 2, '001', NULL, '0', '999060', NULL, '0', NULL);
INSERT INTO SOC0109
(CID, EID, CNAME, CLABEL, CDESC, CUNIT, CSTATUS, CSEQ, CCATEGORY, COPTION, CATTACH, ESYSCODING, FINGERPRINT, CREQUIRED, CORDER)
VALUES('CI600000001007', 'CM60000000', '定义场景流程ID', NULL, NULL, NULL, '1', 2, '001', NULL, '0', '999060', NULL, '0', NULL);
INSERT INTO SOC0109
(CID, EID, CNAME, CLABEL, CDESC, CUNIT, CSTATUS, CSEQ, CCATEGORY, COPTION, CATTACH, ESYSCODING, FINGERPRINT, CREQUIRED, CORDER)
VALUES('CI600000001002', 'CM60000000', '场景描述', NULL, NULL, NULL, '1', 2, '001', NULL, '6', '999060', NULL, '0', NULL);
INSERT INTO SOC0109
(CID, EID, CNAME, CLABEL, CDESC, CUNIT, CSTATUS, CSEQ, CCATEGORY, COPTION, CATTACH, ESYSCODING, FINGERPRINT, CREQUIRED, CORDER)
VALUES('CI600000001008', 'CM60000000', '场景类型', NULL, NULL, NULL, '1', 2, '001', NULL, '0', '999060', NULL, '0', NULL);
INSERT INTO SOC0109
(CID, EID, CNAME, CLABEL, CDESC, CUNIT, CSTATUS, CSEQ, CCATEGORY, COPTION, CATTACH, ESYSCODING, FINGERPRINT, CREQUIRED, CORDER)
VALUES('CI600000001003', 'CM60000000', '预计恢复时间', NULL, NULL, NULL, '1', 2, '001', NULL, '7', '999060', NULL, '0', NULL);
--增加应急制度资产
INSERT INTO SOC0117
(EID, ENAME, ELABEL, EDESC, ESTATUS, ECATEGORY, EKEY1, EKEY2, EKEY3, ESYSCODING, EPARCODING, FINGERPRINT, EMODELTYPE)
VALUES('CM1001002', '应急制度', NULL, '应急制度', '1', '013', NULL, NULL, NULL, '999013002', '999013', NULL, ' ');








--删除老版菜单
DELETE FROM ACTION
WHERE ACTNAME='ACT29DRM0403';

DELETE FROM ACTION
WHERE ACTNAME='ACT29DRM0406';
DELETE FROM ACTION
WHERE ACTNAME='ACT29DRM0605';        
 
INSERT INTO IG555
(JUMP, URL, DESCRIPTION, FINGERPRINT)
VALUES('97', 'IGDRM1901.do', NULL, NULL);


 






