--监管报表
insert into ig.ACTION (ACTNAME, ACTLABEL, ACTDESC, ACTURL, ACTTYPE, ACTL1ID, ACTL2ID, ACTL3ID, FINGERPRINT, ACTROLETYPE, ACTSORTID, ACTURLTYPE)
values ('ACT12SMR', '监管报送', null, '/IGCOM0202.do?linkID=IGCOM0224', 'M1', null, null, null, null, 'IGBP01,IGBP11,IGBP12,,IGBP13,IGBP14,IGBP15,IGBP16,IGBP17,IGBP20,IGBP21,IGBP23,IGBP24', '17', '0');
--报表定义
insert into ig.ACTION (ACTNAME, ACTLABEL, ACTDESC, ACTURL, ACTTYPE, ACTL1ID, ACTL2ID, ACTL3ID, FINGERPRINT, ACTROLETYPE, ACTSORTID, ACTURLTYPE)
values ('ACT12SMR01', '报表定义', null, null, 'M2', null, null, null, null, 'IGBP01,IGBP11,IGBP03', '1701', '0');
insert into ig.ACTION (ACTNAME, ACTLABEL, ACTDESC, ACTURL, ACTTYPE, ACTL1ID, ACTL2ID, ACTL3ID, FINGERPRINT, ACTROLETYPE, ACTSORTID, ACTURLTYPE)
values ('ACT12SMR0101', '年报管理', null, '/IGCOM0202.do?linkID=IGPRD0101&pttype=WD1', 'M3', null, null, null, null, 'IGBP01,IGBP11', '170101', '0');
insert into ig.ACTION (ACTNAME, ACTLABEL, ACTDESC, ACTURL, ACTTYPE, ACTL1ID, ACTL2ID, ACTL3ID, FINGERPRINT, ACTROLETYPE, ACTSORTID, ACTURLTYPE)
values ('ACT12SMR0102', '季报管理', null, '/IGCOM0202.do?linkID=IGPRD0101&pttype=WD2', 'M3', null, null, null, null, 'IGBP01,IGBP11', '170102', '0');
insert into ig.ACTION (ACTNAME, ACTLABEL, ACTDESC, ACTURL, ACTTYPE, ACTL1ID, ACTL2ID, ACTL3ID, FINGERPRINT, ACTROLETYPE, ACTSORTID, ACTURLTYPE)
values ('ACT12SMR0103', '不定期报表管理', null, '/IGCOM0202.do?linkID=IGPRD0101&pttype=WD3', 'M3', null, null, null, null, 'IGBP01,IGBP11', '170103', '0');
insert into ig.ACTION (ACTNAME, ACTLABEL, ACTDESC, ACTURL, ACTTYPE, ACTL1ID, ACTL2ID, ACTL3ID, FINGERPRINT, ACTROLETYPE, ACTSORTID, ACTURLTYPE)
values ('ACT12SMR0104', '填报提醒', null, '/IGCOM0202.do?linkID=IGSMR0305', 'M3', null, null, null, null, 'IGBP01,IGBP11', '170104', '0');

--年度报表
insert into ig.ACTION (ACTNAME, ACTLABEL, ACTDESC, ACTURL, ACTTYPE, ACTL1ID, ACTL2ID, ACTL3ID, FINGERPRINT, ACTROLETYPE, ACTSORTID, ACTURLTYPE)
values ('ACT12SMR02', '年度报表', null, null, 'M2', null, null, null, null, 'IGBP01,IGBP11,IGBP12,IGBP15', '1702', '0');
insert into ig.ACTION (ACTNAME, ACTLABEL, ACTDESC, ACTURL, ACTTYPE, ACTL1ID, ACTL2ID, ACTL3ID, FINGERPRINT, ACTROLETYPE, ACTSORTID, ACTURLTYPE)
values ('ACT12SMR0201', '填报发起', null, '/IGCOM0202.do?linkID=IGSMR0101', 'M3', null, null, null, null, 'IGBP01,IGBP11', '170201', '0');
insert into ig.ACTION (ACTNAME, ACTLABEL, ACTDESC, ACTURL, ACTTYPE, ACTL1ID, ACTL2ID, ACTL3ID, FINGERPRINT, ACTROLETYPE, ACTSORTID, ACTURLTYPE)
values ('ACT12SMR0202', '我的填报', null, '/IGCOM0202.do?linkID=IGSMR0301', 'M3', null, null, null, null, 'IGBP01,IGBP12', '170202', '0');
insert into ig.ACTION (ACTNAME, ACTLABEL, ACTDESC, ACTURL, ACTTYPE, ACTL1ID, ACTL2ID, ACTL3ID, FINGERPRINT, ACTROLETYPE, ACTSORTID, ACTURLTYPE)
values ('ACT12SMR0203', '报表审批', null, '/IGCOM0202.do?linkID=IGSMR0302', 'M3', null, null, null, null, 'IGBP01,IGBP15', '170203', '0');
insert into ig.ACTION (ACTNAME, ACTLABEL, ACTDESC, ACTURL, ACTTYPE, ACTL1ID, ACTL2ID, ACTL3ID, FINGERPRINT, ACTROLETYPE, ACTSORTID, ACTURLTYPE)
values ('ACT12SMR0204', '年报审批', null, '/IGCOM0202.do?linkID=IGSMR0303', 'M3', null, null, null, null, 'IGBP01,IGBP11', '170204', '0');
insert into ig.ACTION (ACTNAME, ACTLABEL, ACTDESC, ACTURL, ACTTYPE, ACTL1ID, ACTL2ID, ACTL3ID, FINGERPRINT, ACTROLETYPE, ACTSORTID, ACTURLTYPE)
values ('ACT12SMR0205', '填报监督', null, '/IGCOM0202.do?linkID=IGSMR0304', 'M3', null, null, null, null, 'IGBP01,IGBP11', '170205', '0');
insert into ig.ACTION (ACTNAME, ACTLABEL, ACTDESC, ACTURL, ACTTYPE, ACTL1ID, ACTL2ID, ACTL3ID, FINGERPRINT, ACTROLETYPE, ACTSORTID, ACTURLTYPE)
values ('ACT12SMR0206', '测试发起', null, '/IGCOM0202.do?linkID=IGSMR0101&test=1', 'M3', null, null, null, null, 'IGBP01,IGBP11', '170206', '0');

--季度报表
insert into ig.ACTION (ACTNAME, ACTLABEL, ACTDESC, ACTURL, ACTTYPE, ACTL1ID, ACTL2ID, ACTL3ID, FINGERPRINT, ACTROLETYPE, ACTSORTID, ACTURLTYPE)
values ('ACT12SMR03', '季度报表', null, null, 'M2', null, null, null, null, 'IGBP01,IGBP11,IGBP13,IGBP16', '1703', '0');
insert into ig.ACTION (ACTNAME, ACTLABEL, ACTDESC, ACTURL, ACTTYPE, ACTL1ID, ACTL2ID, ACTL3ID, FINGERPRINT, ACTROLETYPE, ACTSORTID, ACTURLTYPE)
values ('ACT12SMR0301', '填报发起', null, '/IGCOM0202.do?linkID=IGSMR0601', 'M3', null, null, null, null, 'IGBP01,IGBP11', '170301', '0');
insert into ig.ACTION (ACTNAME, ACTLABEL, ACTDESC, ACTURL, ACTTYPE, ACTL1ID, ACTL2ID, ACTL3ID, FINGERPRINT, ACTROLETYPE, ACTSORTID, ACTURLTYPE)
values ('ACT12SMR0302', '我的填报', null, '/IGCOM0202.do?linkID=IGSMR0602', 'M3', null, null, null, null, 'IGBP01,IGBP13', '170302', '0');
insert into ig.ACTION (ACTNAME, ACTLABEL, ACTDESC, ACTURL, ACTTYPE, ACTL1ID, ACTL2ID, ACTL3ID, FINGERPRINT, ACTROLETYPE, ACTSORTID, ACTURLTYPE)
values ('ACT12SMR0303', '报表审批', null, '/IGCOM0202.do?linkID=IGSMR0603', 'M3', null, null, null, null, 'IGBP01,IGBP16', '170303', '0');
insert into ig.ACTION (ACTNAME, ACTLABEL, ACTDESC, ACTURL, ACTTYPE, ACTL1ID, ACTL2ID, ACTL3ID, FINGERPRINT, ACTROLETYPE, ACTSORTID, ACTURLTYPE)
values ('ACT12SMR0304', '季报审批', null, '/IGCOM0202.do?linkID=IGSMR0604', 'M3', null, null, null, null, 'IGBP01,IGBP11', '170304', '0');
insert into ig.ACTION (ACTNAME, ACTLABEL, ACTDESC, ACTURL, ACTTYPE, ACTL1ID, ACTL2ID, ACTL3ID, FINGERPRINT, ACTROLETYPE, ACTSORTID, ACTURLTYPE)
values ('ACT12SMR0305', '填报监督', null, '/IGCOM0202.do?linkID=IGSMR0605', 'M3', null, null, null, null, 'IGBP01,IGBP11', '170305', '0');
insert into ig.ACTION (ACTNAME, ACTLABEL, ACTDESC, ACTURL, ACTTYPE, ACTL1ID, ACTL2ID, ACTL3ID, FINGERPRINT, ACTROLETYPE, ACTSORTID, ACTURLTYPE)
values ('ACT12SMR0306', '测试发起', null, '/IGCOM0202.do?linkID=IGSMR0601&test=1', 'M3', null, null, null, null, 'IGBP01,IGBP11', '170306', '0');

--不定期报表
insert into ig.ACTION (ACTNAME, ACTLABEL, ACTDESC, ACTURL, ACTTYPE, ACTL1ID, ACTL2ID, ACTL3ID, FINGERPRINT, ACTROLETYPE, ACTSORTID, ACTURLTYPE)
values ('ACT12SMR04', '不定期报表', null, null, 'M2', null, null, null, null, 'IGBP01,IGBP11,IGBP14,IGBP17', '1704', '0');
insert into ig.ACTION (ACTNAME, ACTLABEL, ACTDESC, ACTURL, ACTTYPE, ACTL1ID, ACTL2ID, ACTL3ID, FINGERPRINT, ACTROLETYPE, ACTSORTID, ACTURLTYPE)
values ('ACT12SMR0401', '填报发起', null, '/IGCOM0202.do?linkID=IGSMR0701', 'M3', null, null, null, null, 'IGBP01,IGBP11', '170401', '0');
insert into ig.ACTION (ACTNAME, ACTLABEL, ACTDESC, ACTURL, ACTTYPE, ACTL1ID, ACTL2ID, ACTL3ID, FINGERPRINT, ACTROLETYPE, ACTSORTID, ACTURLTYPE)
values ('ACT12SMR0402', '我的填报', null, '/IGCOM0202.do?linkID=IGSMR0702', 'M3', null, null, null, null, 'IGBP01,IGBP14', '170402', '0');
insert into ig.ACTION (ACTNAME, ACTLABEL, ACTDESC, ACTURL, ACTTYPE, ACTL1ID, ACTL2ID, ACTL3ID, FINGERPRINT, ACTROLETYPE, ACTSORTID, ACTURLTYPE)
values ('ACT12SMR0403', '报表审批', null, '/IGCOM0202.do?linkID=IGSMR0703', 'M3', null, null, null, null, 'IGBP01,IGBP17', '170403', '0');
insert into ig.ACTION (ACTNAME, ACTLABEL, ACTDESC, ACTURL, ACTTYPE, ACTL1ID, ACTL2ID, ACTL3ID, FINGERPRINT, ACTROLETYPE, ACTSORTID, ACTURLTYPE)
values ('ACT12SMR0404', '不定期报表审批', null, '/IGCOM0202.do?linkID=IGSMR0704', 'M3', null, null, null, null, 'IGBP01,IGBP11', '170404', '0');
insert into ig.ACTION (ACTNAME, ACTLABEL, ACTDESC, ACTURL, ACTTYPE, ACTL1ID, ACTL2ID, ACTL3ID, FINGERPRINT, ACTROLETYPE, ACTSORTID, ACTURLTYPE)
values ('ACT12SMR0405', '填报监督', null, '/IGCOM0202.do?linkID=IGSMR0705', 'M3', null, null, null, null, 'IGBP01,IGBP11', '170405', '0');
insert into ig.ACTION (ACTNAME, ACTLABEL, ACTDESC, ACTURL, ACTTYPE, ACTL1ID, ACTL2ID, ACTL3ID, FINGERPRINT, ACTROLETYPE, ACTSORTID, ACTURLTYPE)
values ('ACT12SMR0406', '测试发起', null, '/IGCOM0202.do?linkID=IGSMR0701&test=1', 'M3', null, null, null, null, 'IGBP01,IGBP11', '170406', '0');

--工作管理
insert into ig.ACTION (ACTNAME, ACTLABEL, ACTDESC, ACTURL, ACTTYPE, ACTL1ID, ACTL2ID, ACTL3ID, FINGERPRINT, ACTROLETYPE, ACTSORTID, ACTURLTYPE)
values ('ACT12SMR11', '工作管理', null, null, 'M2', null, null, null, null, 'IGBP01,IGBP20,IGBP21,IGBP22,IGBP23,IGBP11', '1705', '0');
insert into ig.ACTION (ACTNAME, ACTLABEL, ACTDESC, ACTURL, ACTTYPE, ACTL1ID, ACTL2ID, ACTL3ID, FINGERPRINT, ACTROLETYPE, ACTSORTID, ACTURLTYPE)
values ('ACT12SMR1101', '指派工作发起', null, '/IGCOM0202.do?linkID=IGWKM0104&psdcode=Z&pdid=0106101&ptid=8', 'M3', null, null, null, null, 'IGBP01,IGBP22,IGBP23,IGBP11', '170501', '0');
insert into ig.ACTION (ACTNAME, ACTLABEL, ACTDESC, ACTURL, ACTTYPE, ACTL1ID, ACTL2ID, ACTL3ID, FINGERPRINT, ACTROLETYPE, ACTSORTID, ACTURLTYPE)
values ('ACT12SMR1102', '指派工作监督', null, '/IGCOM0202.do?linkID=IGWKM0103&prtype=WD&prpdid=0106101', 'M3', null, null, null, null, 'IGBP01,IGBP22,IGBP23,IGBP11', '170502', '0');
insert into ig.ACTION (ACTNAME, ACTLABEL, ACTDESC, ACTURL, ACTTYPE, ACTL1ID, ACTL2ID, ACTL3ID, FINGERPRINT, ACTROLETYPE, ACTSORTID, ACTURLTYPE)
values ('ACT12SMR1103', '指派工作管理', null, '/IGCOM0202.do?linkID=IGWKM0103&prtype=WD&prpdid=0106101&type=2', 'M3', null, null, null, null, 'IGBP01,IGBP22,IGBP23,IGBP11', '170503', '0');
insert into ig.ACTION (ACTNAME, ACTLABEL, ACTDESC, ACTURL, ACTTYPE, ACTL1ID, ACTL2ID, ACTL3ID, FINGERPRINT, ACTROLETYPE, ACTSORTID, ACTURLTYPE)
values ('ACT12SMR1104', '整改问题登记', null, '/IGCOM0202.do?linkID=IGWKM0104&psdcode=Z&pdid=0104101&ptid=8', 'M3', null, null, null, null, 'IGBP01,IGBP20,IGBP21,IGBP11', '170504', '0');
insert into ig.ACTION (ACTNAME, ACTLABEL, ACTDESC, ACTURL, ACTTYPE, ACTL1ID, ACTL2ID, ACTL3ID, FINGERPRINT, ACTROLETYPE, ACTSORTID, ACTURLTYPE)
values ('ACT12SMR1105', '整改问题监督', null, '/IGCOM0202.do?linkID=IGWKM0103&prtype=WD&prpdid=0104101', 'M3', null, null, null, null, 'IGBP01,IGBP20,IGBP21,IGBP11', '170505', '0');
insert into ig.ACTION (ACTNAME, ACTLABEL, ACTDESC, ACTURL, ACTTYPE, ACTL1ID, ACTL2ID, ACTL3ID, FINGERPRINT, ACTROLETYPE, ACTSORTID, ACTURLTYPE)
values ('ACT12SMR1106', '整改问题管理', null, '/IGCOM0202.do?linkID=IGWKM0103&prtype=WD&prpdid=0104101&type=4', 'M3', null, null, null, null, 'IGBP01,IGBP20,IGBP21,IGBP11', '170506', '0');
insert into ig.ACTION (ACTNAME, ACTLABEL, ACTDESC, ACTURL, ACTTYPE, ACTL1ID, ACTL2ID, ACTL3ID, FINGERPRINT, ACTROLETYPE, ACTSORTID, ACTURLTYPE)
values ('ACT12SMR1107', '填报质量考核', null, '/IGCOM0202.do?linkID=IGSMR0801', 'M3', null, null, null, null, 'IGBP01,IGBP11,IGBP20,IGBP21', '170507', '0');

--统计分析
insert into ig.ACTION (ACTNAME, ACTLABEL, ACTDESC, ACTURL, ACTTYPE, ACTL1ID, ACTL2ID, ACTL3ID, FINGERPRINT, ACTROLETYPE, ACTSORTID, ACTURLTYPE)
values ('ACT12SMR12', '统计分析', null, null, 'M2', null, null, null, null, 'IGBP01,IGBP11', '1706', '0');
insert into ig.ACTION (ACTNAME, ACTLABEL, ACTDESC, ACTURL, ACTTYPE, ACTL1ID, ACTL2ID, ACTL3ID, FINGERPRINT, ACTROLETYPE, ACTSORTID, ACTURLTYPE)
values ('ACT12SMR1201', '报表查询', null, '/IGCOM0202.do?linkID=IGSMR0306', 'M3', null, null, null, null, 'IGBP01,IGBP11', '170601', '0');
insert into ig.ACTION (ACTNAME, ACTLABEL, ACTDESC, ACTURL, ACTTYPE, ACTL1ID, ACTL2ID, ACTL3ID, FINGERPRINT, ACTROLETYPE, ACTSORTID, ACTURLTYPE)
values ('ACT12SMR1202', '年度科技仪表盘', null, '/IGCOM0202.do?linkID=IGSMR0902', 'M3', null, null, null, null, 'IGBP01,IGBP11', '170602', '0');
insert into ig.ACTION (ACTNAME, ACTLABEL, ACTDESC, ACTURL, ACTTYPE, ACTL1ID, ACTL2ID, ACTL3ID, FINGERPRINT, ACTROLETYPE, ACTSORTID, ACTURLTYPE)
values ('ACT12SMR1203', '信息科技项目分析', null, '/IGCOM0202.do?linkID=IGSMR0903', 'M3', null, null, null, null, 'IGBP01,IGBP11', '170603', '0');
insert into ig.ACTION (ACTNAME, ACTLABEL, ACTDESC, ACTURL, ACTTYPE, ACTL1ID, ACTL2ID, ACTL3ID, FINGERPRINT, ACTROLETYPE, ACTSORTID, ACTURLTYPE)
values ('ACT12SMR1204', '电银业务分析', null, '/IGCOM0202.do?linkID=IGSMR0901', 'M3', null, null, null, null, 'IGBP01,IGBP11', '170604', '0');
insert into ig.ACTION (ACTNAME, ACTLABEL, ACTDESC, ACTURL, ACTTYPE, ACTL1ID, ACTL2ID, ACTL3ID, FINGERPRINT, ACTROLETYPE, ACTSORTID, ACTURLTYPE)
values ('ACT12SMR1205', '历史数据对比', null, '/IGCOM0202.do?linkID=IGCOM0106', 'M3', null, null, null, null, 'IGBP01,IGBP11', '170605', '0');
insert into ig.ACTION (ACTNAME, ACTLABEL, ACTDESC, ACTURL, ACTTYPE, ACTL1ID, ACTL2ID, ACTL3ID, FINGERPRINT, ACTROLETYPE, ACTSORTID, ACTURLTYPE)
values ('ACT12SMR1206', '核心网络统计', null, '/IGCOM0202.do?linkID=IGSMR0804', 'M3', null, null, null, null, 'IGBP01,IGBP11', '170606', '0');
insert into ig.ACTION (ACTNAME, ACTLABEL, ACTDESC, ACTURL, ACTTYPE, ACTL1ID, ACTL2ID, ACTL3ID, FINGERPRINT, ACTROLETYPE, ACTSORTID, ACTURLTYPE)
values ('ACT12SMR1207', '网上银行统计', null, '/IGCOM0202.do?linkID=IGSMR0805', 'M3', null, null, null, null, 'IGBP01,IGBP11', '170607', '0');
insert into ig.ACTION (ACTNAME, ACTLABEL, ACTDESC, ACTURL, ACTTYPE, ACTL1ID, ACTL2ID, ACTL3ID, FINGERPRINT, ACTROLETYPE, ACTSORTID, ACTURLTYPE)
values ('ACT12SMR1218', '银行卡统计', null, '/IGCOM0202.do?linkID=IGSMR0806', 'M3', null, null, null, null, 'IGBP01,IGBP11', '170608', '0');


--插入年报组模板数据
insert into ig.ig259 (ptid,ptname,pttype,ptstartpg,ptdetailpg,ptcrtdate,ptpicinfo,ptstatus) values 
(14,'年报组','WD1','IGPRR0102_Disp.do?psdcode=Z'||'&'||'ptid=14'||'&'||'pdid=','IGPRR0102_Disp.do?prtype=WD1'||'&'||'prid=','2013/07/17','','a');

--插入季报组模板数据
insert into ig.ig259 (ptid,ptname,pttype,ptstartpg,ptdetailpg,ptcrtdate,ptpicinfo,ptstatus) values 
(15,'季报组','WD2','IGPRR0102_Disp.do?psdcode=Z'||'&'||'ptid=15'||'&'||'pdid=','IGPRR0102_Disp.do?prtype=WD2'||'&'||'prid=','2013/07/17','','a');

--插入不定期组模板数据
insert into ig.ig259 (ptid,ptname,pttype,ptstartpg,ptdetailpg,ptcrtdate,ptpicinfo,ptstatus) values 
(16,'不定期组','WD3','IGPRR0102_Disp.do?psdcode=Z'||'&'||'ptid=16'||'&'||'pdid=','IGPRR0102_Disp.do?prtype=WD3'||'&'||'prid=','2013/07/17','','a');

--序列
insert into ig.SEQUENCE_GENERATOR_TABLE (SEQUENCE_NAME, SEQUENCE_VALUE) values ('REGULATORYREPORTINSTANCE_SEQUENCE', 1000);
insert into ig.SEQUENCE_GENERATOR_TABLE (SEQUENCE_NAME, SEQUENCE_VALUE) values ('REGULATORYREPORTDETAIL_SEQUENCE', 1000);
insert into ig.SEQUENCE_GENERATOR_TABLE (SEQUENCE_NAME, SEQUENCE_VALUE) values ('APPROVESUGGESTION_SEQUENCE', 1000);

--创建季度基础数据
insert into ig.codecategory values(320,'季度','季度','1','','0','');
insert into ig.codedetail (ccid,cid,cvalue,updtime) values (320,'1','一季度','2013/08/23 00:00');
insert into ig.codedetail (ccid,cid,cvalue,updtime) values (320,'2','二季度','2013/08/23 00:00');
insert into ig.codedetail (ccid,cid,cvalue,updtime) values (320,'3','三季度','2013/08/23 00:00');
insert into ig.codedetail (ccid,cid,cvalue,updtime) values (320,'4','四季度','2013/08/23 00:00');

--导出填报质量考核
insert into ig.codedetail (ccid,cid,cvalue,updtime,cdinfo) values (284,'SMR0801G','IGSMR0801_ORG','2013/09/04 09:00','填报质量考核(部门)');
insert into ig.codedetail (ccid,cid,cvalue,updtime,cdinfo) values (284,'SMR0801U','IGSMR0801_USER','2013/09/04 09:00','填报质量考核(人员)');


--新增角色类型“监管报表管理”
insert into ig.codedetail (ccid,cid,cvalue,updtime) values ('100','IGBP11','监管报表管理','2013/07/19 09:00'); --原IGBP07
insert into ig.codedetail (ccid,cid,cvalue,updtime) values ('100','IGBP12','年报表填报','2013/07/19 09:00'); --原IGBP09
insert into ig.codedetail (ccid,cid,cvalue,updtime) values ('100','IGBP13','季报表填报','2013/07/19 09:00');--原IGBP10
insert into ig.codedetail (ccid,cid,cvalue,updtime) values ('100','IGBP14','不定期报表填报','2013/07/19 09:00');--原IGBP11
insert into ig.codedetail (ccid,cid,cvalue,updtime) values ('100','IGBP15','年报表负责人','2013/07/19 09:00');--原IGBP12
insert into ig.codedetail (ccid,cid,cvalue,updtime) values ('100','IGBP16','季报表负责人','2013/07/19 09:00');--原IGBP13
insert into ig.codedetail (ccid,cid,cvalue,updtime) values ('100','IGBP17','不定期报表负责人','2013/07/19 09:00');--原IGBP14

DELETE FROM IG.ROLE WHERE ROLEID IN (1073,1074,1075,1076,1088,1094,1089,1098,1095,1096,1097,1128,1136)
--角色
insert into ig.ROLE (ROLEID, ROLENAME, ROLEDESC, ROLEINFO, ROLETYPE, ROLEDOMAIN, ASSETDOMAIN, FINGERPRINT)
values (1073, '填报发起人', null, null, 'IGBP11', '0002', null, null);
insert into ig.ROLE (ROLEID, ROLENAME, ROLEDESC, ROLEINFO, ROLETYPE, ROLEDOMAIN, ASSETDOMAIN, FINGERPRINT)
values (1074, '填报人', null, null, 'IGBP11', '0002', null, null);
insert into ig.ROLE (ROLEID, ROLENAME, ROLEDESC, ROLEINFO, ROLETYPE, ROLEDOMAIN, ASSETDOMAIN, FINGERPRINT)
values (1075, '一级审批人', null, null, 'IGBP11', '0002', null, null);
insert into ig.ROLE (ROLEID, ROLENAME, ROLEDESC, ROLEINFO, ROLETYPE, ROLEDOMAIN, ASSETDOMAIN, FINGERPRINT)
values (1076, '二级审批人', null, null, 'IGBP11', '0002', null, null);
insert into ig.ROLE (ROLEID, ROLENAME, ROLEDESC, ROLEINFO, ROLETYPE, ROLEDOMAIN, ASSETDOMAIN, FINGERPRINT)
values (1088, '监管报表管理', null, null, 'IGBP11', '0002', null, null);
insert into ig.ROLE (ROLEID, ROLENAME, ROLEDESC, ROLEINFO, ROLETYPE, ROLEDOMAIN, ASSETDOMAIN, FINGERPRINT)
values (1094, '季报表填报人', null, null, 'IGBP13', '0002', null, null);
insert into ig.ROLE (ROLEID, ROLENAME, ROLEDESC, ROLEINFO, ROLETYPE, ROLEDOMAIN, ASSETDOMAIN, FINGERPRINT)
values (1089, '年报表填报人', null, null, 'IGBP12', '0002', null, null);
insert into ig.ROLE (ROLEID, ROLENAME, ROLEDESC, ROLEINFO, ROLETYPE, ROLEDOMAIN, ASSETDOMAIN, FINGERPRINT)
values (1098, '不定期报表负责人', null, null, 'IGBP17', '0002', null, null);
insert into ig.ROLE (ROLEID, ROLENAME, ROLEDESC, ROLEINFO, ROLETYPE, ROLEDOMAIN, ASSETDOMAIN, FINGERPRINT)
values (1095, '不定期报表填报人', null, null, 'IGBP14', '0002', null, null);
insert into ig.ROLE (ROLEID, ROLENAME, ROLEDESC, ROLEINFO, ROLETYPE, ROLEDOMAIN, ASSETDOMAIN, FINGERPRINT)
values (1096, '年报表负责人', null, null, 'IGBP15', '0002', null, null);
insert into ig.ROLE (ROLEID, ROLENAME, ROLEDESC, ROLEINFO, ROLETYPE, ROLEDOMAIN, ASSETDOMAIN, FINGERPRINT)
values (1097, '季报表负责人', null, null, 'IGBP16', '0002', null, null);
insert into ig.ROLE (ROLEID, ROLENAME, ROLEDESC, ROLEINFO, ROLETYPE, ROLEDOMAIN, ASSETDOMAIN, FINGERPRINT)
values (1128, '问题发起人', null, null, 'IGBP11', '0002', null, null);
insert into ig.ROLE (ROLEID, ROLENAME, ROLEDESC, ROLEINFO, ROLETYPE, ROLEDOMAIN, ASSETDOMAIN, FINGERPRINT)
values (1136, '工作审核人', null, null, 'IGBP11', '0002', null, null);


insert into ig.IGUSER (USERID, ORGID, ORGNAME, USERNAME, USERDESC, USERINFO, PASSWORD, USERSTATUS, USERTYPE, USERPHONE, USERMOBILE, USEREMAIL, FINGERPRINT, DELETEFLAG)
values ('caijj', '0002', '武警总医院', 'Leon', null, null, '31', null, '1', '00000000', '1388888888', null, null, '0');
insert into ig.IGUSER (USERID, ORGID, ORGNAME, USERNAME, USERDESC, USERINFO, PASSWORD, USERSTATUS, USERTYPE, USERPHONE, USERMOBILE, USEREMAIL, FINGERPRINT, DELETEFLAG)
values ('magm', '0002', '武警总医院', 'Humphrey', null, 'magm', '31', null, '1', '00000000', '1388888888', null, null, '0');
insert into ig.IGUSER (USERID, ORGID, ORGNAME, USERNAME, USERDESC, USERINFO, PASSWORD, USERSTATUS, USERTYPE, USERPHONE, USERMOBILE, USEREMAIL, FINGERPRINT, DELETEFLAG)
values ('wanghao', '0002', '武警总医院', 'Victor', null, null, '31', null, '1', '00000000', '1388888888', null, null, '0');

insert into ig.IGUSER (USERID, ORGID, ORGNAME, USERNAME, USERDESC, USERINFO, PASSWORD, USERSTATUS, USERTYPE, USERPHONE, USERMOBILE, USEREMAIL, FINGERPRINT, DELETEFLAG)
values ('libq', '0002', '武警总医院', 'Wood', null, 'libq', '31', null, '1', '00000000', '1388888888', null, null, '0');
insert into ig.IGUSER (USERID, ORGID, ORGNAME, USERNAME, USERDESC, USERINFO, PASSWORD, USERSTATUS, USERTYPE, USERPHONE, USERMOBILE, USEREMAIL, FINGERPRINT, DELETEFLAG)
values ('luwc', '0002', '武警总医院', 'Carson', null, null, '31', null, '1', '00000000', '1388888888', null, null, '0');
insert into ig.IGUSER (USERID, ORGID, ORGNAME, USERNAME, USERDESC, USERINFO, PASSWORD, USERSTATUS, USERTYPE, USERPHONE, USERMOBILE, USEREMAIL, FINGERPRINT, DELETEFLAG)
values ('shenxian', '0002', '武警总医院', '沈贤', null, null, '31', null, '1', '00000000', '1388888888', null, null, '0');


insert into ig.USERROLE (URID, USERID, ORGID, ROLEID, FINGERPRINT, ROLEMANAGER, DUTYFLAG)
values (2, 'wanghao', '0002', 1076, null, '0', null);
insert into ig.USERROLE (URID, USERID, ORGID, ROLEID, FINGERPRINT, ROLEMANAGER, DUTYFLAG)
values (3, 'caijj', '0002', 1095, null, '0', null);
insert into ig.USERROLE (URID, USERID, ORGID, ROLEID, FINGERPRINT, ROLEMANAGER, DUTYFLAG)
values (4, 'magm', '0002', 1096, null, '0', null);
insert into ig.USERROLE (URID, USERID, ORGID, ROLEID, FINGERPRINT, ROLEMANAGER, DUTYFLAG)
values (5, 'magm', '0002', 1098, null, '0', null);
insert into ig.USERROLE (URID, USERID, ORGID, ROLEID, FINGERPRINT, ROLEMANAGER, DUTYFLAG)
values (6, 'wanghao', '0002', 1088, null, '0', '0');
insert into ig.USERROLE (URID, USERID, ORGID, ROLEID, FINGERPRINT, ROLEMANAGER, DUTYFLAG)
values (7, 'shenxian', '0002', 1089, null, '0', null);
insert into ig.USERROLE (URID, USERID, ORGID, ROLEID, FINGERPRINT, ROLEMANAGER, DUTYFLAG)
values (8, 'shenxian', '0002', 1098, null, '0', '0');
insert into ig.USERROLE (URID, USERID, ORGID, ROLEID, FINGERPRINT, ROLEMANAGER, DUTYFLAG)
values (9, 'shenxian', '0002', 1095, null, '0', '0');
insert into ig.USERROLE (URID, USERID, ORGID, ROLEID, FINGERPRINT, ROLEMANAGER, DUTYFLAG)
values (10, 'libq', '0002', 1097, null, '1', null);
insert into ig.USERROLE (URID, USERID, ORGID, ROLEID, FINGERPRINT, ROLEMANAGER, DUTYFLAG)
values (11, 'luwc', '0002', 1094, null, '1', null);



insert into ig.CODEDETAIL (CCID, CID, CVALUE, PCCID, PCID, UPDTIME, SYSCODING, PSYSCODING, CDSTATUS, BUSINESSCODE, FINGERPRINT, CDINFO, CDORDER)
values ('100', 'IGBP20', '整改执行人' || chr(10) || '', null, null, '2013/07/04 00:00', null, null, null, null, null, null, null);
insert into ig.CODEDETAIL (CCID, CID, CVALUE, PCCID, PCID, UPDTIME, SYSCODING, PSYSCODING, CDSTATUS, BUSINESSCODE, FINGERPRINT, CDINFO, CDORDER)
values ('100', 'IGBP21', '整改审批人', null, null, '2013/07/04 00:00', null, null, null, null, null, null, null);
insert into ig.CODEDETAIL (CCID, CID, CVALUE, PCCID, PCID, UPDTIME, SYSCODING, PSYSCODING, CDSTATUS, BUSINESSCODE, FINGERPRINT, CDINFO, CDORDER)
values ('100', 'IGBP23', '工作执行人', null, null, '2013/07/04 00:00', null, null, null, null, null, null, null);
insert into ig.CODEDETAIL (CCID, CID, CVALUE, PCCID, PCID, UPDTIME, SYSCODING, PSYSCODING, CDSTATUS, BUSINESSCODE, FINGERPRINT, CDINFO, CDORDER)
values ('100', 'IGBP24', '工作审核人', null, null, '2013/07/04 00:00', null, null, null, null, null, null, null);


insert into ig.ROLE (ROLEID, ROLENAME, ROLEDESC, ROLEINFO, ROLETYPE, ROLEDOMAIN, ASSETDOMAIN, FINGERPRINT)
values (1134, '整改执行人', null, null, 'IGBP20', '0002', null, null);
insert into ig.ROLE (ROLEID, ROLENAME, ROLEDESC, ROLEINFO, ROLETYPE, ROLEDOMAIN, ASSETDOMAIN, FINGERPRINT)
values (1135, '整改审批人', null, null, 'IGBP21', '0002', null, null);
insert into ig.ROLE (ROLEID, ROLENAME, ROLEDESC, ROLEINFO, ROLETYPE, ROLEDOMAIN, ASSETDOMAIN, FINGERPRINT)
values (1137, '工作执行人', null, null, 'IGBP23', '0002', null, null);
insert into ig.ROLE (ROLEID, ROLENAME, ROLEDESC, ROLEINFO, ROLETYPE, ROLEDOMAIN, ASSETDOMAIN, FINGERPRINT)
values (1138, '工作审核人', null, null, 'IGBP24', '0002', null, null);





